,ManagerID,ManagerName
0,22,Michael Albert
1,4,Simon Roup
2,20,Kissy Sullivan
3,16,Elijiah Gray
4,39,Webster Butler
5,11,Amy Dunn
6,10,Alex Sweetwater
7,19,Ketsia Liebig
8,12,Brannon Miller
9,7,Peter Monroe
10,14,David Stanley
13,18,Kelley Spirea
26,3,Brandon R. LeBlanc
27,2,Janet King
29,1,Brandon R. LeBlanc
32,17,John Smith
35,5,Jennifer Zamora
45,21,Lynn Daneault
48,6,Eric Dougall
60,15,Debra Houlihan
70,13,Brian Champaigne
97,9,Board of Directors
129,30,Michael Albert
