EmpID,LastPerformanceReview_Date,PerformanceScore
10026,2019-01-17,Exceeds
10084,2016-02-24,Fully Meets
10196,2012-05-15,Fully Meets
10088,2019-01-03,Fully Meets
10069,2016-02-01,Fully Meets
10002,2019-01-07,Exceeds
10194,2019-01-02,Fully Meets
10062,2019-02-25,Fully Meets
10114,2019-01-25,Fully Meets
10250,2019-02-18,Fully Meets
10252,2016-01-30,Fully Meets
10242,2016-05-06,Fully Meets
10012,2019-02-25,Exceeds
10265,2019-02-14,Fully Meets
10066,2017-03-02,Fully Meets
10061,2017-04-05,Fully Meets
10023,2019-01-14,Exceeds
10055,2019-01-14,Fully Meets
10245,2015-01-15,Fully Meets
10277,2019-01-11,Fully Meets
10046,2019-01-14,Fully Meets
10226,2019-01-10,Fully Meets
10003,2019-02-27,Exceeds
10294,2019-02-27,Needs Improvement
10267,2014-03-04,Fully Meets
10199,2016-01-10,Fully Meets
10081,2019-02-18,Fully Meets
10175,2014-02-20,Fully Meets
10177,2013-03-04,Fully Meets
10238,2019-01-15,Fully Meets
10184,2019-02-01,Fully Meets
10203,2019-01-21,Fully Meets
10188,2013-02-10,Fully Meets
10107,2019-02-21,Fully Meets
10181,2019-01-14,Fully Meets
10150,2019-01-21,Fully Meets
10001,2019-02-22,Exceeds
10085,2019-01-30,Fully Meets
10115,2019-02-01,Fully Meets
10082,2019-02-18,Fully Meets
10040,2019-01-21,Fully Meets
10067,2019-02-12,Fully Meets
10108,2019-01-15,Fully Meets
10210,2019-02-19,Fully Meets
10154,2019-01-14,Fully Meets
10200,2019-01-19,Fully Meets
10240,2015-03-10,Fully Meets
10168,2019-01-30,Fully Meets
10220,2019-02-27,Fully Meets
10275,2012-05-03,Fully Meets
10269,2011-05-04,Fully Meets
10029,2019-02-28,Exceeds
10261,2019-01-14,Fully Meets
10292,2016-05-01,Needs Improvement
10282,2019-01-14,Needs Improvement
10019,2019-02-04,Exceeds
10094,2019-02-14,Fully Meets
10193,2019-01-22,Fully Meets
10132,2019-01-28,Fully Meets
10083,2019-01-02,Fully Meets
10099,2019-01-24,Fully Meets
10212,2019-02-12,Fully Meets
10056,2019-02-25,Fully Meets
10143,2019-02-27,Fully Meets
10311,2019-01-31,Fully Meets
10070,2016-04-02,Fully Meets
10155,2019-01-25,Fully Meets
10306,2019-01-30,PIP
10100,2015-05-06,Fully Meets
10310,2019-01-31,PIP
10197,2019-01-23,Fully Meets
10276,2019-02-19,Fully Meets
10304,2019-01-29,PIP
10284,2019-01-18,Needs Improvement
10207,2019-02-19,Fully Meets
10133,2019-02-25,Fully Meets
10028,2019-01-04,Exceeds
10006,2019-01-27,Exceeds
10105,2019-01-15,Fully Meets
10211,2019-01-21,Fully Meets
10064,2017-04-09,Fully Meets
10247,2019-02-13,Fully Meets
10235,2019-01-11,Fully Meets
10299,2019-02-25,PIP
10280,2018-04-12,Needs Improvement
10296,2017-01-15,Needs Improvement
10290,2012-08-10,Needs Improvement
10263,2019-02-22,Fully Meets
10136,2019-01-07,Fully Meets
10189,2016-02-04,Fully Meets
10308,2019-01-03,PIP
10309,2019-02-04,PIP
10049,2019-01-29,Fully Meets
10093,2013-04-05,Fully Meets
10163,2012-01-07,Fully Meets
10305,2019-01-28,PIP
10015,2019-01-07,Exceeds
10080,2019-02-08,Fully Meets
10258,2019-01-27,Fully Meets
10273,2019-02-01,Fully Meets
10111,2019-02-18,Fully Meets
10257,2019-02-26,Fully Meets
10159,2019-01-16,Fully Meets
10122,2016-04-29,Fully Meets
10142,2014-01-15,Fully Meets
10283,2015-01-20,Needs Improvement
10018,2019-02-07,Exceeds
10255,2019-01-25,Fully Meets
10246,2015-01-20,Fully Meets
10228,2019-01-10,Fully Meets
10243,2019-02-18,Fully Meets
10031,2019-02-18,Exceeds
10300,2011-03-06,PIP
10101,2019-01-28,Fully Meets
10237,2019-02-07,Fully Meets
10051,2019-01-14,Fully Meets
10218,2019-02-21,Fully Meets
10256,2019-02-15,Fully Meets
10098,2019-01-04,Fully Meets
10059,2013-06-03,Fully Meets
10234,2019-01-28,Fully Meets
10109,2013-02-01,Fully Meets
10125,2019-02-22,Fully Meets
10074,2019-01-08,Fully Meets
10097,2015-05-02,Fully Meets
10007,2019-02-15,Exceeds
10129,2019-02-11,Fully Meets
10075,2013-01-30,Fully Meets
10167,2019-01-30,Fully Meets
10195,2012-03-05,Fully Meets
10112,2019-01-03,Fully Meets
10272,2019-01-21,Fully Meets
10182,2015-04-15,Fully Meets
10248,2019-01-07,Fully Meets
10201,2019-01-18,Fully Meets
10214,2019-02-14,Fully Meets
10160,2013-02-01,Fully Meets
10289,2012-04-12,Needs Improvement
10139,2019-01-14,Fully Meets
10227,2019-01-17,Fully Meets
10236,2019-02-22,Fully Meets
10009,2019-02-25,Exceeds
10060,2019-01-21,Fully Meets
10034,2018-02-14,Exceeds
10156,2019-02-11,Fully Meets
10036,2019-01-11,Exceeds
10138,2016-02-03,Fully Meets
10244,2013-03-30,Fully Meets
10192,2019-01-23,Fully Meets
10231,2019-01-22,Fully Meets
10089,2019-01-17,Fully Meets
10166,2015-03-01,Fully Meets
10170,2013-01-30,Fully Meets
10208,2019-02-06,Fully Meets
10176,2019-01-21,Fully Meets
10165,2019-01-17,Fully Meets
10113,2019-01-07,Fully Meets
10092,2015-02-15,Fully Meets
10106,2014-02-20,Fully Meets
10052,2019-02-04,Fully Meets
10038,2019-01-17,Fully Meets
10249,2013-02-20,Fully Meets
10232,2019-01-08,Fully Meets
10087,2017-07-02,Fully Meets
10134,2019-01-28,Fully Meets
10251,2019-02-22,Fully Meets
10103,2019-01-29,Fully Meets
10017,2019-01-21,Exceeds
10186,2018-03-02,Fully Meets
10137,2019-02-18,Fully Meets
10008,2019-01-25,Exceeds
10096,2016-06-10,Fully Meets
10035,2019-02-12,Exceeds
10057,2019-01-23,Fully Meets
10004,2015-02-02,Exceeds
10191,2017-04-01,Fully Meets
10219,2019-02-26,Fully Meets
10077,2019-01-21,Fully Meets
10073,2012-07-02,Fully Meets
10279,2019-01-22,Fully Meets
10110,2019-01-14,Fully Meets
10053,2019-01-10,Fully Meets
10076,2019-02-07,Fully Meets
10145,2019-01-30,Fully Meets
10202,2019-01-29,Fully Meets
10128,2016-02-05,Fully Meets
10068,2019-01-21,Fully Meets
10116,2019-01-14,Fully Meets
10298,2013-01-14,PIP
10213,2019-01-08,Fully Meets
10288,2019-02-22,Needs Improvement
10025,2019-01-14,Exceeds
10223,2019-01-31,Fully Meets
10151,2019-02-11,Fully Meets
10254,2019-01-17,Fully Meets
10120,2019-01-28,Fully Meets
10216,2019-01-22,Fully Meets
10079,2019-02-25,Fully Meets
10215,2013-03-02,Fully Meets
10185,2016-03-06,Fully Meets
10063,2019-02-18,Fully Meets
10037,2019-02-13,Exceeds
10042,2019-01-25,Fully Meets
10206,2019-01-02,Fully Meets
10104,2019-01-16,Fully Meets
10303,2018-03-09,PIP
10078,2013-07-02,Fully Meets
10121,2019-01-25,Fully Meets
10021,2019-02-07,Exceeds
10281,2019-02-04,Needs Improvement
10041,2019-01-14,Fully Meets
10148,2013-03-04,Fully Meets
10005,2015-08-16,Exceeds
10259,2016-01-16,Fully Meets
10286,2017-04-06,Needs Improvement
10297,2015-02-06,Needs Improvement
10171,2014-05-13,Fully Meets
10032,2013-01-10,Exceeds
10130,2015-03-05,Fully Meets
10217,2019-01-14,Fully Meets
10016,2019-01-04,Exceeds
10050,2012-02-20,Fully Meets
10164,2019-02-25,Fully Meets
10124,2019-02-01,Fully Meets
10187,2018-04-02,Fully Meets
10225,2019-01-07,Fully Meets
10262,2013-04-02,Fully Meets
10131,2014-04-19,Fully Meets
10239,2019-02-06,Fully Meets
10152,2018-02-04,Fully Meets
10140,2019-01-28,Fully Meets
10058,2015-03-30,Fully Meets
10011,2019-02-11,Exceeds
10230,2011-10-22,Fully Meets
10224,2012-01-06,Fully Meets
10047,2015-01-10,Fully Meets
10285,2016-04-05,Needs Improvement
10020,2019-02-11,Exceeds
10162,2019-02-14,Fully Meets
10149,2018-02-13,Fully Meets
10086,2019-02-06,Fully Meets
10054,2019-01-31,Fully Meets
10065,2018-07-02,Fully Meets
10198,2019-02-18,Fully Meets
10222,2015-01-04,Fully Meets
10126,2019-02-13,Fully Meets
10295,2019-02-18,Needs Improvement
10260,2018-02-05,Fully Meets
10233,2019-01-10,Fully Meets
10229,2015-04-20,Fully Meets
10169,2019-02-18,Fully Meets
10071,2019-02-06,Fully Meets
10179,2019-01-07,Fully Meets
10091,2019-02-15,Fully Meets
10178,2019-01-14,Fully Meets
10039,2019-01-15,Fully Meets
10095,2015-04-02,Fully Meets
10027,2019-01-28,Exceeds
10291,2019-01-16,Needs Improvement
10153,2013-08-15,Fully Meets
10157,2019-01-24,Fully Meets
10119,2019-02-08,Fully Meets
10180,2019-01-14,Fully Meets
10302,2019-02-25,PIP
10090,2019-02-14,Fully Meets
10030,2015-03-02,Exceeds
10278,2019-02-07,Fully Meets
10307,2019-01-17,PIP
10147,2019-01-18,Fully Meets
10266,2019-01-11,Fully Meets
10241,2019-01-31,Fully Meets
10158,2019-01-24,Fully Meets
10117,2019-01-24,Fully Meets
10209,2019-01-31,Fully Meets
10024,2019-02-18,Exceeds
10173,2019-01-02,Fully Meets
10221,2012-02-15,Fully Meets
10146,2017-04-18,Fully Meets
10161,2019-01-28,Fully Meets
10141,2016-03-02,Fully Meets
10268,2010-07-14,Fully Meets
10123,2019-01-14,Fully Meets
10013,2019-01-04,Exceeds
10287,2019-02-11,Needs Improvement
10044,2015-04-15,Fully Meets
10102,2017-02-12,Fully Meets
10270,2014-01-05,Fully Meets
10045,2019-01-14,Fully Meets
10205,2019-01-17,Fully Meets
10014,2016-02-01,Exceeds
10144,2019-02-27,Fully Meets
10253,2019-01-18,Fully Meets
10118,2017-02-15,Fully Meets
10022,2015-02-01,Exceeds
10183,2019-01-29,Fully Meets
10190,2019-02-12,Fully Meets
10274,2012-01-02,Fully Meets
10293,2014-09-05,Needs Improvement
10172,2019-01-04,Fully Meets
10127,2019-02-05,Fully Meets
10072,2014-05-15,Fully Meets
10048,2015-02-15,Fully Meets
10204,2011-02-06,Fully Meets
10264,2014-06-02,Fully Meets
10033,2016-01-19,Exceeds
10174,2019-02-21,Fully Meets
10135,2019-02-28,Fully Meets
10301,2015-09-02,PIP
10010,2019-02-21,Exceeds
10043,2019-02-01,Fully Meets
10271,2019-01-30,Fully Meets
